<!--
  $Id: hudson-build.xml,v 1.1, 2012-06-13 11:21:23Z, Menattamai Rajasekaran$

  Copyright 2008 FINRA. All rights reserved. Unpublished - Rights
  reserved under the copyright laws of the United States and international
  conventions. Use of a copyright notice is precautionary only and does not
  imply publication or disclosure. This software contains confidential
  information and trade secrets of FINRA. Use, disclosure, or reproduction
  is prohibited without the prior written consent of FINRA.
-->

<project name="cm-build" default="cm-build-all" basedir=".">
	
    <!-- Load build.properties from CM folder -->
    <property file="build.properties"/>
    
    <!-- Importing environment variables -->
    <property environment="env"/>
    <!-- property name="cm.cloverxml" location="${env.WORKSPACE}/checkout/clover/AppSec_ci/clover.xml" -->
    
    <!-- Importing common cm file standard targets
         Location is defined as Hudson environment Variable -->
    <import file="${env.APP_UTIL_DIR}/${env.COMMON_TASKS_SCRIPT}"/>
	
    <!-- Set properties to override development defaults -->
    <property name="build.test.report.dir" location="${cm.tests.dir}/junit_results"/>
    <property name="build.test.output.dir" location="${cm.tests.dir}/junit_data"/>
    <property name="dist.dir" location="${cm.workspace.dir}/dist" />
    <property name="cctimestamp" value="${cm.timestamp}" />
	
    <!-- The property cm.checkout.list is used to tell the checkout target
         what to checkout and where to put it (relative to the checkout folder.
         The format is as follows:  "source1,target1;source2,target2" 
         If target is missing, the checkout process will place the source files
         in the root of the checkout folder -->
    
    <target name="cm-build-all" description="Full CM build.">
        <property name="cm.checkout.list" value="root" />
        <antcall target="cm-init"/>
        <antcall target="cm-calculate-sloc"/>
        <antcall target="cm-publish-all"/>
    </target>
	
    <!-- Create distribution packages for daily build-->
    <target name="cm-dist" description="Create deployment packages" >
        <echo>Creating distribution files</echo>
		
		<!-- Zip checkout directory into dist folder -->
		<mkdir dir="${dist.dir}"/>
		<stopwatch name="TimeToZip" action="start"/>
		<zip destfile="${dist.dir}/ccwg.zip">
			<zipfileset dir="${cm.workspace.dir}/checkout" prefix="ccwg"/>
		</zip>
		
		<copy file="${cm.workspace.dir}/checkout/CM/UI/ui_deploy.sh" todir="${dist.dir}"/>	
		<stopwatch name="TimeToZip" action="total"/>
		
  		<!-- xld changes for ddrecord.sh -->
		<mkdir dir="${dist.dir}/buildinfo_xld" />
		<copy todir="${dist.dir}/buildinfo_xld" file="${infofile}" />  

    </target>
	
</project>  
